{"Average Training Loss": 0.014627833006881596, "_timestamp": 1715447698.9581616, "_runtime": 5186.833827495575, "_step": 1, "_wandb": {"runtime": 5182}}