id,generated
0000aaaa,0.008306401
1111bbbb,0.0069263014
2222cccc,0.0046056006
